{"BERT baseline": {"size_mb": 418.14669132232666, "time_avg_ms": 10.054126690374687, "time_std_ms": 0.2803475094624616, "accuracy": 0.8672727272727273}, "Distillation": {"size_mb": 255.88143634796143, "time_avg_ms": 5.309071037918329, "time_std_ms": 0.07436598707911952, "accuracy": 0.8765454545454545}, "Distillation + quantization": {"size_mb": 132.3907289505005, "time_avg_ms": 3.588528042891994, "time_std_ms": 0.1503000480642237, "accuracy": 0.8778181818181818}}